{"cameraMode":{"drawMode":0,"name":"Shaded","section":"Shading Mode"},"sceneLighting":false,"audioPlay":false,"sceneViewState":{"m_AlwaysRefresh":false,"showFog":true,"showSkybox":false,"showFlares":true,"showImageEffects":true,"showParticleSystems":true,"showVisualEffectGraphs":true,"m_FxEnabled":true},"in2DMode":false,"pivot":{"x":-25.979869842529298,"y":-0.25295543670654299,"z":-9.996341705322266},"rotation":{"x":0.027494098991155626,"y":-0.9722660779953003,"z":0.1529160737991333,"w":0.17481234669685365},"size":39.567806243896487,"orthographic":false}